{
  "name": "dqn_model_20251028_194531",
  "created_at": "2025-10-28T19:45:31.697633",
  "state_size": 9,
  "action_size": 6,
  "architecture": "Medium (64-32)",
  "epsilon": 0.04144374867485364,
  "gamma": 0.9,
  "learning_rate": 0.003,
  "episodes": 198,
  "num_discs": 3,
  "success_rate": 100.0,
  "avg_steps": 21.3989898989899,
  "final_epsilon": 0.04144374867485364,
  "total_steps": 4237,
  "bookmarked": true,
  "comment": "Solving in steps: 8"
}