{
  "name": "dqn_model_20251028_132345",
  "created_at": "2025-10-28T13:23:45.250574",
  "state_size": 9,
  "action_size": 6,
  "architecture": "Medium (64-32)",
  "epsilon": 0.6426116020847181,
  "gamma": 0.9,
  "learning_rate": 0.003,
  "episodes": 500,
  "num_discs": 3,
  "success_rate": 100.0,
  "avg_steps": 72.618,
  "final_epsilon": 0.6426116020847181,
  "total_steps": 36309
}