{
  "name": "dqn_model_20251028_131739",
  "created_at": "2025-10-28T13:17:39.352364",
  "state_size": 9,
  "action_size": 6,
  "architecture": "Medium (64-32)",
  "epsilon": 0.37346428045426927,
  "gamma": 0.9,
  "learning_rate": 0.003,
  "episodes": 400,
  "num_discs": 3,
  "success_rate": 100.0,
  "avg_steps": 76.1425,
  "final_epsilon": 0.37346428045426927,
  "total_steps": 30457
}