{
  "name": "dqn_model_20251103_175717",
  "created_at": "2025-11-03T17:57:17.174694",
  "state_size": 30,
  "action_size": 6,
  "architecture": "Medium (64-32)",
  "epsilon": 0.49813760959217424,
  "gamma": 0.95,
  "learning_rate": 0.001,
  "episodes": 100,
  "num_discs": 4,
  "success_rate": 68.0,
  "avg_steps": 533.33,
  "final_epsilon": 0.49813760959217424,
  "total_steps": 53333
}