{
  "name": "dqn_model_20251028_193921",
  "created_at": "2025-10-28T19:39:21.502882",
  "state_size": 9,
  "action_size": 6,
  "architecture": "Medium (64-32)",
  "epsilon": 0.9320653479069899,
  "gamma": 0.9,
  "learning_rate": 0.003,
  "episodes": 33,
  "num_discs": 3,
  "success_rate": 100.0,
  "avg_steps": 108.27272727272727,
  "final_epsilon": 0.9320653479069899,
  "total_steps": 3573
}