{
  "name": "dqn_model_20251028_134959",
  "created_at": "2025-10-28T13:49:59.505985",
  "state_size": 9,
  "action_size": 6,
  "architecture": "Medium (64-32)",
  "epsilon": 0.4509384483259261,
  "gamma": 0.9,
  "learning_rate": 0.003,
  "episodes": 900,
  "num_discs": 3,
  "success_rate": 100.0,
  "avg_steps": 68.16555555555556,
  "final_epsilon": 0.4509384483259261,
  "total_steps": 61349
}