{
  "name": "dqn_model_20251028_135337",
  "created_at": "2025-10-28T13:53:37.690712",
  "state_size": 9,
  "action_size": 6,
  "architecture": "Medium (64-32)",
  "epsilon": 0.19207632175875758,
  "gamma": 0.9,
  "learning_rate": 0.003,
  "episodes": 1000,
  "num_discs": 3,
  "success_rate": 100.0,
  "avg_steps": 64.827,
  "final_epsilon": 0.19207632175875758,
  "total_steps": 64827
}