{
  "name": "dqn_model_20251103_161310",
  "created_at": "2025-11-03T16:13:10.314568",
  "state_size": 30,
  "action_size": 6,
  "architecture": "Medium (64-32)",
  "epsilon": 0.10170485886983667,
  "gamma": 0.95,
  "learning_rate": 0.001,
  "episodes": 100,
  "num_discs": 3,
  "success_rate": 100.0,
  "avg_steps": 73.59,
  "final_epsilon": 0.10170485886983667,
  "total_steps": 7359
}