{
  "name": "dqn_model_20251028_130425",
  "created_at": "2025-10-28T13:04:25.964112",
  "state_size": 9,
  "action_size": 6,
  "architecture": "Medium (64-32)",
  "epsilon": 0.7397003733882802,
  "gamma": 0.9,
  "learning_rate": 0.003,
  "episodes": 200,
  "num_discs": 3,
  "success_rate": 100.0,
  "avg_steps": 85.705,
  "final_epsilon": 0.7397003733882802,
  "total_steps": 17141
}