{
  "name": "dqn_model_20251028_133028",
  "created_at": "2025-10-28T13:30:28.155780",
  "state_size": 9,
  "action_size": 6,
  "architecture": "Medium (64-32)",
  "epsilon": 0.8600583546412883,
  "gamma": 0.9,
  "learning_rate": 0.003,
  "episodes": 600,
  "num_discs": 3,
  "success_rate": 100.0,
  "avg_steps": 71.24833333333333,
  "final_epsilon": 0.8600583546412883,
  "total_steps": 42749
}