{
  "name": "dqn_model_20251028_184932",
  "created_at": "2025-10-28T18:49:32.711644",
  "state_size": 9,
  "action_size": 6,
  "architecture": "Medium (64-32)",
  "epsilon": 0.8600583546412883,
  "gamma": 0.9,
  "learning_rate": 0.003,
  "episodes": 300,
  "num_discs": 3,
  "success_rate": 99.0,
  "avg_steps": 188.44666666666666,
  "final_epsilon": 0.8600583546412883,
  "total_steps": 56534
}