{
  "name": "dqn_model_20251028_125549",
  "created_at": "2025-10-28T12:55:49.420594",
  "state_size": 9,
  "action_size": 6,
  "architecture": "Medium (64-32)",
  "epsilon": 0.7832414902320026,
  "gamma": 0.9,
  "learning_rate": 0.003,
  "episodes": 100,
  "num_discs": 3,
  "success_rate": 100.0,
  "avg_steps": 82.55,
  "final_epsilon": 0.7832414902320026,
  "total_steps": 8255
}