{
  "name": "dqn_model_20251028_194345",
  "created_at": "2025-10-28T19:43:45.721743",
  "state_size": 9,
  "action_size": 6,
  "architecture": "Medium (64-32)",
  "epsilon": 0.07452144410706579,
  "gamma": 0.9,
  "learning_rate": 0.003,
  "episodes": 100,
  "num_discs": 3,
  "success_rate": 100.0,
  "avg_steps": 28.41,
  "final_epsilon": 0.07452144410706579,
  "total_steps": 2841
}