{
  "name": "dqn_model_20251028_221050",
  "created_at": "2025-10-28T22:10:50.755256",
  "state_size": 12,
  "action_size": 6,
  "architecture": "Medium (64-32)",
  "epsilon": 0.6556592205741436,
  "gamma": 0.9,
  "learning_rate": 0.003,
  "episodes": 190,
  "num_discs": 4,
  "success_rate": 88.42105263157895,
  "avg_steps": 298.03684210526313,
  "final_epsilon": 0.6556592205741436,
  "total_steps": 56627,
  "bookmarked": true,
  "comment": "Trained with 3 + 4 discs"
}