{
  "name": "dqn_model_20251103_153730",
  "created_at": "2025-11-03T15:37:30.382372",
  "state_size": 30,
  "action_size": 6,
  "architecture": "Medium (64-32)",
  "epsilon": 0.14419371479035856,
  "gamma": 0.95,
  "learning_rate": 0.001,
  "episodes": 100,
  "num_discs": 3,
  "success_rate": 100.0,
  "avg_steps": 69.98,
  "final_epsilon": 0.14419371479035856,
  "total_steps": 6998
}