{
  "name": "dqn_model_20251028_191027",
  "created_at": "2025-10-28T19:10:27.765324",
  "state_size": 9,
  "action_size": 6,
  "architecture": "Medium (64-32)",
  "epsilon": 0.5431315416277516,
  "gamma": 0.9,
  "learning_rate": 0.003,
  "episodes": 400,
  "num_discs": 3,
  "success_rate": 99.25,
  "avg_steps": 193.86,
  "final_epsilon": 0.5431315416277516,
  "total_steps": 77544
}