{
  "name": "dqn_model_20251028_180553",
  "created_at": "2025-10-28T18:05:53.684755",
  "state_size": 9,
  "action_size": 6,
  "architecture": "Medium (64-32)",
  "epsilon": 0.4567142151643673,
  "gamma": 0.9,
  "learning_rate": 0.003,
  "episodes": 100,
  "num_discs": 3,
  "success_rate": 99.0,
  "avg_steps": 111.86,
  "final_epsilon": 0.4567142151643673,
  "total_steps": 11186
}