{
  "name": "dqn_model_20251103_183333",
  "created_at": "2025-11-03T18:33:33.953697",
  "state_size": 30,
  "action_size": 6,
  "architecture": "Medium (64-32)",
  "epsilon": 0.43055391228696177,
  "gamma": 0.95,
  "learning_rate": 0.001,
  "episodes": 200,
  "num_discs": 4,
  "success_rate": 81.5,
  "avg_steps": 435.35,
  "final_epsilon": 0.43055391228696177,
  "total_steps": 87070
}